name,development_level,sell_price,total_ore_cost,smelting_time,crafting_time,time_missing,appreciation,appreciation_per_time
SubspaceRelay,29,1.0e18,3.3720700007748604e10,1.11387e8,8.83966e7,false,2.965537488160721e7,0.14843748376547028
CopperBar,5,1450.0000476837158,1000.0,20.0,0.0,false,1.4500000476837158,0.07250000238418579
IronBar,5,3000.0,2000.0,30.0,0.0,false,1.5,0.05
LeadBar,5,6099.999904632568,4000.0,40.0,0.0,false,1.524999976158142,0.03812499940395355
DeflectorShield,40,3.2e23,4.000872540185132e14,8.945396e9,1.52262378e10,false,7.998255300209906e8,0.033089427741578255
SiliconBar,8,12500.0,8000.0,60.0,0.0,false,1.5625,0.026041666666666668
AluminumBar,11,27600.000381469727,17000.0,80.0,0.0,false,1.6235294342041016,0.02029411792755127
SilverBar,12,60000.0,36000.0,120.0,0.0,false,1.6666666666666667,0.01388888888888889
CopperWire,6,10000.0,5000.0,100.0,60.0,false,2.0,0.0125
Teleporter,28,1.7999999523162842e15,3.835300007748604e9,1.5241e7,3.36443e7,false,469324.42017043656,0.009600522450929759
GoldBar,14,120000.0,75000.0,180.0,0.0,false,1.6,0.008888888888888889
IronNails,6,20000.0,10000.0,150.0,120.0,false,2.0,0.007407407407407408
Battery,7,70000.0,20000.0,400.0,360.0,false,3.5,0.004605263157894736
QuantumCPU,39,1.4e22,1.4974962430944347e14,1.829754e10,3.5776092e9,false,9.348938312573206e7,0.004273771221900149
BronzeBar,12,234000.0,82000.0,680.0,0.0,false,2.8536585365853657,0.004196556671449067
WindTurbine,14,1.4e11,5.41e7,464000.0,184800.0,false,2587.8003696857672,0.003988594897789407
Hammer,7,135000.0,40000.0,500.0,720.0,false,3.375,0.0027663934426229507
AdvancedTeleporter,37,6.5e20,4.99138935046283e13,2.217935e9,3.8065282e9,false,1.3022426309815489e7,0.0021615911455506094
Glass,9,220000.0,80000.0,600.0,720.0,false,2.75,0.0020833333333333333
PlatinumBar,17,780000.0,490000.0,960.0,0.0,false,1.5918367346938775,0.0016581632653061224
SteelBar,5,340000.0,120000.0,1980.0,0.0,false,2.8333333333333335,0.001430976430976431
GravityChamber,27,1.5e13,1.2853000077486038e9,4.991e6,5.1603e6,false,11670.4270672765,0.0011496485245511905
Circuit,12,620000.0,175000.0,1700.0,1800.0,false,3.5428571428571427,0.0010122448979591836
Lens,13,1.100000023841858e6,260000.0,1200.0,3120.0,false,4.230769322468684,0.0009793447505714546
TitaniumBar,18,1.6299999952316284e6,894000.0,2080.0,0.0,false,1.8232662139056246,0.0008765702951469349
NuclearReactor,26,1.0e12,7.006000077486038e8,1.637e6,240000.0,false,1427.3479716529348,0.0007604411143595816
Telescope,20,2.700000047683716e9,1.4945e7,79900.0,160800.0,false,180.66243209660192,0.0007505709684113084
NavigationModule,19,1.0e9,1.02e7,41000.0,113820.0,false,98.03921568627452,0.00063324645192013
SpaceProbe,23,1.8e11,2.0922e8,825800.0,756000.0,false,860.3383997705764,0.000543898343514083
PalladiumBar,21,7.0e6,4.48e6,2880.0,0.0,false,1.5625,0.0005425347222222222
Laser,15,3.200000047683716e6,655000.0,2400.0,6720.0,false,4.885496256005673,0.0005356903789479905
ThermalScanner,18,7.15e7,4.16e6,12600.0,27840.0,false,17.1875,0.00042501236399604354
NuclearCapsule,25,2.6e10,1.4860000059604645e8,197000.0,217200.0,false,174.9663519226913,0.00042241997084184284
IridiumBar,20,3.109999895095825e6,1.840000023841858e6,4800.0,0.0,false,1.6902173123901654,0.00035212860674795114
BasicComputer,13,7.599999904632568e6,1.055e6,9100.0,13800.0,false,7.203791378798643,0.0003145760427422988
AdvancedRobot,35,2.95e19,1.8240706047439336e13,4.54287e9,8.943723e8,false,1.6172619592288898e6,0.00029744158343447186
OsmiumBar,23,1.45e7,9.588000190734863e6,5240.0,0.0,false,1.51230702039532,0.00028860820999910685
Motor,13,7.0e9,4.9e7,440000.0,163200.0,false,142.85714285714286,0.00023683213338385753
LaserTorch,16,3.1e7,3.02e6,14200.0,36240.0,false,10.264900662251655,0.00020350715032219777
SolarPanel,13,1.25e7,1.675e6,14500.0,22200.0,false,7.462686567164179,0.0002033429582333564
InertonAlloy,26,6.8e7,4.896e7,7200.0,0.0,false,1.3888888888888888,0.00019290123456790122
Accumulator,24,1.2e10,2.0076000381469727e8,259600.0,79800.0,false,59.77286198438248,0.00017611332346606506
AdvancedBattery,8,3.5e7,3.0e6,51600.0,19800.0,false,11.666666666666666,0.0001633986928104575
RhodiumBar,24,3.1e7,2.1180000047683716e7,10800.0,0.0,false,1.463644944769026,0.00013552268007120612
AdvancedComputer,19,1.8e8,9.745e6,55900.0,81600.0,false,18.471010774756284,0.00013433462381640934
QuadiumAlloy,27,1.52e8,1.1117600038146973e8,12160.0,0.0,false,1.367201549601119,0.00011243433796061834
RadioTower,19,1.4500000476837158e9,8.4e7,188000.0,15600.0,false,17.261905329568044,8.47834249978784e-5
UruAlloy,30,8.32e8,6.0792e8,16560.0,0.0,false,1.368601131727859,8.264499587728617e-5
PlasmaTorch,21,1.149999976158142e9,4.270000035762787e7,143000.0,196200.0,false,26.932083525210267,7.939883114743592e-5
FusionReactor,34,4.0e16,1.7426132020492078e12,3.00174e8,3.4702e7,false,22954.032457095138,6.854487170503452e-5
ScrithAlloy,29,3.52e8,2.5736000009536743e8,23520.0,0.0,false,1.3677339130772566,5.8151952086618054e-5
SatelliteDish,22,3.4000000953674316e9,1.524e8,383400.0,18000.0,false,22.309711911859786,5.5579750652366185e-5
VibraniumAlloy,32,2.0499999523162842e9,1.4723520007629395e9,26720.0,0.0,false,1.3923300618697299,5.2108160998118635e-5
ViteriumAlloy,35,1.55e10,1.021584e10,36000.0,0.0,false,1.5172516405895158,4.214587890526433e-5
AetherAlloy,33,5.119999885559082e9,3.7147200478744507e9,49680.0,0.0,false,1.3783003347691645,2.7743565514677223e-5
FusionCapsule,33,2.4e14,2.8367920013589856e11,2.5684e7,2.1747e7,false,846.026074118322,1.7836985813462122e-5
Robot,30,5.0e13,9.527640037193298e10,3.042e7,7.208e6,false,524.788927843765,1.394676644636348e-5
Collider,28,2.0e12,3.559760003814697e10,4.816e6,23100.0,false,56.18356287661997,1.1610333094298521e-5
XyniumAlloy,36,4.8e10,4.93617600038147e10,136900.0,0.0,false,0.9724126529582928,7.103087311601847e-6
LuteriumAlloy,39,6.0e11,5.010792e11,184140.0,0.0,false,1.1974154983882788,6.502745185121531e-6
QuoliumAlloy,38,1.6e11,1.5357360023937225e11,252120.0,0.0,false,1.041845732278276,4.13234068014547e-6
OpaliteAlloy,47,2.77e14,3.6484044178909305e13,3.45082e6,0.0,false,7.592360064077769,2.200161139693687e-6
AqualiteAlloy,44,1.75e13,7.217868287299156e12,1.26558e6,0.0,false,2.424538562277963,1.915752905606886e-6
WraithAlloy,41,2.4000000953674316e12,1.8968088357818604e12,689060.0,0.0,false,1.2652830638982957,1.8362451221929813e-6
DeepSpaceScanner,45,145.0,8.818218053373209e15,3.7060064e10,6.09100892e10,false,1.6443231401443236e-14,1.6783919249238489e-25
WarpCore,40,6.800000190734863,6.687116813197422e14,8.527136e10,1.57282648e10,false,1.016880724636761e-14,1.00681633882343e-25
AntimatterCell,41,3.200000047683716,2.674926555279356e15,3.4119609e11,6.29252532e10,false,1.196294545496231e-15,2.960235992544902e-27
AtmosphericProcessor,46,68.0,3.751913497813473e16,4.22751356e11,2.973044948e11,true,1.8124085227345675e-15,2.517038811254622e-27
OrbitalDock,42,2.799999952316284,2.876767604900601e16,2.22163232e12,4.089836608e11,true,9.733146144813567e-17,3.699949447525825e-29
PhaseGate,46,452.0,9.605033748909553e17,8.14557372e12,1.03065207808e13,true,4.705865818028125e-16,2.5503152597793705e-29
NeuralMatrix,47,452.0,1.1827063894297544e18,6.435719068e12,8.5963797432e12,true,3.821743114264676e-16,2.542388233516135e-29
SolarCollector,46,2.799999952316284,1.1720065298006339e18,5.070850868e12,8.3446787304e12,true,2.389065146925916e-18,1.7808206000386651e-31
